测点编号,2022-08-02,2022-08-03,2022-08-04,2022-08-05_x,2022-08-05_y,2022-08-06
DC1-02,7.071,7.07115,7.07071,7.07038,,7.071
DC1-03,7.18614,7.18618,7.18504,7.18469,,7.18554
DC1-04,7.25725,7.2572,7.25638,7.25553,,7.25674
DC1-05,7.32315,7.32343,7.32226,7.32177,,7.32282
DC1-06,7.41839,7.41918,7.41797,7.41764,,7.41833
DC1-07,7.44944,7.45137,7.45143,,,
DC1-1,7.04598,7.04595,7.04597,7.045,,7.04663
DC3-01,7.12025,7.12077,7.11981,7.11951,,7.11874
DC3-02,7.21963,7.22002,7.2188,7.21868,,7.21778
DC3-04,7.44133,7.44145,7.44038,7.44043,,7.43926
DC3-05,7.27966,7.2797,7.27859,7.27822,,7.27747
DC3-07,7.37482,7.37562,7.37396,7.37401,,7.37278
GC-1-1,7.04604,7.0462,7.04584,7.04484,,7.04668
GC1-2,6.9631,6.96364,6.96356,6.96301,,6.96419
GC1-3,7.07114,7.07097,7.07088,7.06995,,7.07138
GC1-4,7.1862,7.18628,7.1852,7.18436,,7.18547
GC1-5,7.18457,7.18463,7.18383,7.18313,,7.18416
GC1-6,7.23923,7.23944,7.23871,7.23804,,7.23843
GC1-7,7.32335,7.32314,7.32225,7.32175,,7.32284
GC1-8,7.41897,7.41885,7.41797,7.41718,,7.4182
GC2-2,7.45251,7.4524,7.45152,7.45146,,7.4513
GC2-3,7.36046,7.36062,7.35963,7.35947,,7.35965
GC2-4,7.34962,7.34978,7.34841,7.34882,,7.34836
GC2-5,7.33096,7.33119,7.32982,7.32942,,7.32936
GC2-6,7.43599,7.4363,7.43508,7.43442,,7.43639
GC2-7,7.31068,7.31079,7.30974,7.3104,,7.30981
GC3-8,7.5613,7.56143,7.56047,7.56041,,7.55996
GC3-9,7.54702,7.5474,7.54612,7.54558,,7.5456
GC4-3,7.12905,7.12957,7.12844,7.12846,,7.12752
GC4-5,7.20334,7.20383,7.20249,7.20262,,7.2021
ZS8-1,8.04823,8.04823,8.04823,8.04823,,8.04823
A-1501,,,,,7.1492,
A-1502,,,,,6.76639,
A-1503,,,,,6.7647,
A-1504,,,,,6.38628,
A-1505,,,,,6.38296,
A-1506,,,,,6.36375,
A-1507,,,,,6.38701,
A-1508,,,,,6.39362,
A-1509,,,,,6.40491,
A-1510,,,,,6.42417,
A-1511,,,,,6.43516,
A-1512,,,,,6.44526,
A-1513,,,,,6.43172,
A-1514,,,,,6.44605,
A-1527,,,,,6.48401,
A-1528,,,,,6.4487,
A-1529,,,,,6.42976,
A-1530,,,,,6.41828,
A-1531,,,,,6.41557,
A-1532,,,,,6.38794,
A-1533,,,,,6.38655,
A-1534,,,,,6.38745,
A-1535,,,,,6.37693,
A-1536,,,,,6.36686,
A-1539,,,,,6.38152,
A-1540,,,,,6.39435,
A-1541,,,,,6.39499,
A-1542,,,,,6.40728,
A-1543,,,,,6.40989,
A-1544,,,,,6.32751,
A-1545,,,,,6.3296,
A-1548,,,,,5.87067,
A-1549,,,,,5.86899,
A-1553,,,,,6.34138,
A-1554,,,,,6.33637,
A-1555,,,,,6.32867,
A-1556,,,,,6.35008,
ZSBZT,,,,,7.26733,
