测点编号,2022-10-01,2022-10-02,2022-10-03,2022-10-04,2022-10-05,2022-10-06,2022-10-07
D24292-02,6.28833,6.2885,6.28767,6.28653,6.28735,6.28754,6.28641
D24292-1,6.30977,6.31092,6.30935,6.3089,6.30888,6.30865,6.30738
D24297-1,6.28874,6.28876,6.28851,6.28686,6.2875,6.2875,6.28561
D24307-1,6.29019,6.29053,6.28951,6.29076,6.28883,6.28808,6.28642
D24327-1,6.33636,6.3357,6.3343,6.33253,6.33164,6.33116,6.32929
D24337-1,6.31832,6.31922,6.31838,6.31708,6.31761,6.31743,6.31625
D24342-02,6.3225,6.32358,6.32274,6.32133,6.32202,6.32195,6.32104
D24342-03,6.22976,6.23043,6.22977,6.22854,6.22974,6.22887,6.2278
D24342-1,6.34767,6.34867,6.34703,6.34648,6.34699,6.34667,6.34561
D24347-1,6.33836,6.33944,6.33842,6.33769,6.33814,6.33822,6.33725
GX3-52,6.20186,6.20272,6.20196,6.20131,6.20151,6.20132,6.20083
GX3-53,6.22959,6.23063,6.23,6.22847,6.22923,6.22907,6.22775
GX3-54,6.18662,6.18582,6.18464,6.18319,6.18357,6.18286,6.18099
GX3-55,6.1763,6.17624,6.17543,6.17402,6.17444,6.17363,6.17135
GX3-56,6.18121,6.18059,6.18083,6.17913,6.17961,6.17954,6.17826
JD7,6.72378,6.72378,6.72378,6.72378,6.72378,6.72378,6.72378
GX6-22,,6.25786,6.25727,6.25744,6.25706,6.257,6.25932
GX6-23,,6.24611,6.246,6.24396,6.24422,6.24462,6.24627
GX6-24,,6.27542,6.27548,6.27514,6.2749,6.2752,6.27669
GX6-25,,6.19289,6.19316,6.19253,6.19275,6.19307,6.19446
J38-02,,6.53834,6.53733,6.53571,6.53613,6.53546,6.53324
J38-03,,6.67373,,6.67238,6.6729,6.67275,6.67066
J38-04,,6.6654,,6.66467,6.66458,6.66526,6.66715
J38-05,,6.62856,,,,,
GX6-21,,,6.26679,,,,
D24217-02,,,,6.29113,,,
D24217-03,,,,6.43687,,,
D24217-04,,,,6.3877,,,
D24217-05,,,,6.33492,,,
D24217-06,,,,6.28644,,,
D24217-07,,,,6.13278,,,
D24217-1,,,,6.10324,,,
D24227-1,,,,6.30881,,,
D24237-1,,,,6.26281,,,
D24242-02,,,,6.21148,,,
D24247-1,,,,6.17424,,,
D24257-1,,,,6.1815,,,
D24267-05,,,,6.19602,,,
D24267-06,,,,6.15878,,,
D24277-1,,,,6.1982,6.19988,6.20091,6.2017
D24317-02,,,,6.27521,6.27498,6.27476,6.27666
D24317-03,,,,6.3066,6.30655,6.30647,6.30781
D24317-04,,,,6.37952,6.37884,6.37884,6.37922
D24317-05,,,,6.32982,6.33022,6.32949,6.32832
D24317-06,,,,6.29193,6.29253,6.29194,6.29128
GX3-57,,,,6.16519,6.16622,6.16708,6.16716
GX3-58,,,,6.1682,6.17002,6.17106,
GX3-59,,,,6.13722,,,
GX3-60,,,,6.12125,,,
GX3-61,,,,6.16991,,,
GX3-63,,,,6.28671,,,
GX6-26,,,,6.22087,6.22146,6.22141,6.22315
GX6-27,,,,6.16111,6.16162,6.1618,6.16347
GX6-28,,,,6.11786,,,
GX6-29,,,,6.11862,,,
GX6-30,,,,6.12496,,,
GX6-31,,,,6.13088,,,
GX6-32,,,,6.11724,,,
GX6-33,,,,6.10334,,,
GX6-34,,,,6.08256,,,
J39-01,,,,6.58942,6.59,6.59008,6.58906
J39-02,,,,6.5446,,,
J39-03,,,,6.52599,,,
J39-04,,,,6.88416,,,
J39-05,,,,6.6595,,,
J39-06,,,,6.55397,6.55495,6.5553,6.55558
J40-01,,,,6.70935,6.71038,6.71079,6.71238
J40-02,,,,6.49202,,,
J40-03,,,,6.51582,,,
J40-04,,,,6.46762,,,
J41-01,,,,6.9469,,,
J41-02,,,,7.02713,,,
