测点编号,2022-08-24,2022-09-27,2022-09-28,2022-09-29_x,2022-09-29_y,2022-09-30,2022-10-02_x,2022-10-02_y,2022-10-03,2022-10-04_x,2022-10-04_y,2022-10-05_x,2022-10-05_y,2022-10-06
DZ-01,9.16308,,,,,,,,,,,,,
DZ-03,9.40825,,,,,,,,,,,,,
S28-27,10.0,,,,,,,,,,,,,
113-02,,8.88396,8.8842,,8.88352,8.88439,,8.88473,8.88367,,8.88522,,8.88535,8.88462
113-03,,8.86024,8.86058,,8.85998,8.86098,,8.86191,8.86091,,8.86202,,8.86198,8.86149
113-04,,7.413,7.41457,,7.41311,7.41296,,7.4147,,,7.41437,,7.41474,7.41323
113-05,,7.42023,7.4217,,7.42131,7.42051,,7.42171,,,7.42199,,7.42199,7.42111
113-06,,7.40865,7.40971,,7.40873,7.40766,,7.40895,,,7.4087,,7.40889,7.40744
D103-1,,9.01035,9.0105,,9.00971,9.01111,,9.01193,9.0103,,9.01163,,9.01205,9.01129
D133-02,,8.82689,8.82745,,8.82661,8.82785,,8.82775,8.8269,,8.82796,,8.8287,8.82754
D133-03,,8.88739,8.88775,,8.88697,8.88793,,8.88827,8.8872,,8.8884,,8.88935,8.88784
D133-06,,7.36453,7.36561,,7.36463,7.36408,,7.36585,,,7.36579,,7.36561,7.36402
D133-1,,8.82633,8.8266,,8.82573,8.82721,,,,,8.82736,,8.82816,8.82675
D143-1,,7.62742,7.62806,,7.62635,7.62542,,7.62653,,,7.62632,,7.62645,7.62508
D153-02,,7.66207,,,,,,,,,,,,
D153-03,,7.64516,7.64689,,,,,,,,,,,
D153-07,,7.39739,7.39816,,7.3963,7.3959,,7.39785,,,7.39769,,7.39778,7.39577
D153-08,,7.40197,7.40265,,7.40163,7.40039,,7.40218,,,7.40199,,7.40217,7.40053
D153-1,,8.67789,8.67819,,8.67715,8.67846,,8.67862,8.67767,,8.67842,,8.67845,8.67836
HC1-02,,8.26561,8.26509,,8.26525,8.26514,,8.26644,8.26487,,8.26535,,8.26629,8.26545
HC1-1,,8.22283,8.22246,,8.22276,8.2223,,8.22409,8.22233,,8.22276,,8.22408,8.22303
J1-8,,8.45755,8.45755,,8.45755,8.45755,,8.45755,8.45755,,8.45755,,8.45755,8.45755
JC1-02,,9.06507,9.06538,,9.06479,9.06623,,9.06592,9.06493,,9.06616,,9.06717,9.06583
JC1-03,,9.21611,9.2169,,9.2159,9.21683,,9.21754,9.21665,,9.21715,,9.21838,9.21734
JC1-04,,9.12639,9.12647,,9.12599,9.12705,,9.12785,9.12652,,9.12774,,9.12825,9.1274
JC1-1,,9.21586,9.21604,,9.21548,9.21694,,9.21631,9.21516,,9.21648,,9.21786,9.21642
D133-07,,,7.42418,,7.42352,7.4223,,7.42341,,,7.42349,,7.42345,7.42182
D153-06,,,7.67501,,7.67333,7.67312,,7.67404,,,7.67422,,7.6742,7.67294
BM1,,,,8.23769,,,8.23769,,,8.23769,,8.23769,,
HC1-06,,,,7.45442,,,7.4532,,,7.45245,,7.45305,,
HC1-07,,,,7.47019,,,7.46858,,,7.46837,,7.46855,,
HC1-08,,,,7.53984,,,7.53784,,,7.53766,,7.53786,,
JC3-02,,,,7.28982,,,7.28903,,,7.28812,,7.289,,
JC3-04,,,,7.50787,,,7.50568,,,7.5054,,7.50566,,
JC3-1,,,,7.63024,,,7.62878,,,7.62882,,7.62973,,
JC4-02,,,,7.44835,,,7.44712,,,7.44684,,7.44749,,
JC4-1,,,,7.48926,,,7.48819,,,7.48814,,7.48891,,
D093-02,,,,,,,,9.05042,9.04941,,9.04878,,9.04937,9.04826
D093-03,,,,,,,,7.42647,,,,,7.4267,7.42545
D093-04,,,,,,,,7.4026,,,,,7.40286,7.40248
D093-05,,,,,,,,7.44283,,,,,7.4426,7.44167
D093-1,,,,,,,,9.00249,9.00136,,9.00105,,9.00158,9.00067
D123-1,,,,,,,,8.9808,8.98004,,8.98118,,8.9806,8.98095
D133-05,,,,,,,,7.37801,,,,,,
